{
    "agg_stats": {
        "F1": 0.34782608695652173,
        "FN": 26.0,
        "FNR": 0.7647058823529411,
        "FP": 4.0,
        "FPR": 0.11111111111111116,
        "MCC": 0.16468280637257554,
        "NPV": 0.5517241379310345,
        "ROC": 0.12418300653594766,
        "TN": 32.0,
        "TP": 8.0,
        "accuracy": 0.5714285714285714,
        "precision": 0.6666666666666666,
        "sensitivity": 0.23529411764705882,
        "specificity": 0.8888888888888888,
        "total": 1.1241830065359477
    },
    "all_stats": [
        {
            "F1": 0.34782608695652173,
            "FN": 26,
            "FNR": 0.7647058823529411,
            "FP": 4,
            "FPR": 0.11111111111111116,
            "MCC": 0.16468280637257554,
            "NPV": 0.5517241379310345,
            "ROC": 0.12418300653594766,
            "TN": 32,
            "TP": 8,
            "accuracy": 0.5714285714285714,
            "precision": 0.6666666666666666,
            "sensitivity": 0.23529411764705882,
            "specificity": 0.8888888888888888,
            "total": 1.1241830065359477
        }
    ]
}