{
    "agg_stats": {
        "F1": 0.43636363636363634,
        "FN": 22.0,
        "FNR": 0.6470588235294117,
        "FP": 9.0,
        "FPR": 0.25,
        "MCC": 0.11227217828476795,
        "NPV": 0.5510204081632653,
        "ROC": 0.10294117647058826,
        "TN": 27.0,
        "TP": 12.0,
        "accuracy": 0.5571428571428572,
        "precision": 0.5714285714285714,
        "sensitivity": 0.35294117647058826,
        "specificity": 0.75,
        "total": 1.1029411764705883
    },
    "all_stats": [
        {
            "F1": 0.43636363636363634,
            "FN": 22,
            "FNR": 0.6470588235294117,
            "FP": 9,
            "FPR": 0.25,
            "MCC": 0.11227217828476795,
            "NPV": 0.5510204081632653,
            "ROC": 0.10294117647058826,
            "TN": 27,
            "TP": 12,
            "accuracy": 0.5571428571428572,
            "precision": 0.5714285714285714,
            "sensitivity": 0.35294117647058826,
            "specificity": 0.75,
            "total": 1.1029411764705883
        }
    ]
}