{
    "agg_stats": {
        "F1": 0.6829268292682927,
        "FN": 23.0,
        "FNR": 0.3538461538461538,
        "FP": 16.0,
        "FPR": 0.21333333333333337,
        "MCC": 0.43820186571477876,
        "NPV": 0.7195121951219512,
        "ROC": 0.4328205128205128,
        "TN": 59.0,
        "TP": 42.0,
        "accuracy": 0.7214285714285714,
        "precision": 0.7241379310344828,
        "sensitivity": 0.6461538461538462,
        "specificity": 0.7866666666666666,
        "total": 1.4328205128205127
    },
    "all_stats": [
        {
            "F1": 0.6829268292682927,
            "FN": 23,
            "FNR": 0.3538461538461538,
            "FP": 16,
            "FPR": 0.21333333333333337,
            "MCC": 0.43820186571477876,
            "NPV": 0.7195121951219512,
            "ROC": 0.4328205128205128,
            "TN": 59,
            "TP": 42,
            "accuracy": 0.7214285714285714,
            "precision": 0.7241379310344828,
            "sensitivity": 0.6461538461538462,
            "specificity": 0.7866666666666666,
            "total": 1.4328205128205127
        }
    ]
}