{
    "agg_stats": {
        "F1": 0.6495176848874598,
        "FN": 0.0,
        "FNR": 0.0,
        "FP": 109.0,
        "FPR": 1,
        "MCC": NaN,
        "NPV": 0,
        "ROC": 0.0,
        "TN": 0.0,
        "TP": 101.0,
        "accuracy": 0.48095238095238096,
        "precision": 0.48095238095238096,
        "sensitivity": 1.0,
        "specificity": 0,
        "total": 1.0
    },
    "all_stats": [
        {
            "F1": 0.6495176848874598,
            "FN": 0,
            "FNR": 0.0,
            "FP": 109,
            "FPR": 1,
            "MCC": NaN,
            "NPV": 0,
            "ROC": 0.0,
            "TN": 0,
            "TP": 101,
            "accuracy": 0.48095238095238096,
            "precision": 0.48095238095238096,
            "sensitivity": 1.0,
            "specificity": 0,
            "total": 1.0
        }
    ]
}