{
    "agg_stats": {
        "F1": 0.7761194029850746,
        "FN": 13.0,
        "FNR": 0.19999999999999996,
        "FP": 17.0,
        "FPR": 0.22666666666666668,
        "MCC": 0.5719272408833086,
        "NPV": 0.8169014084507042,
        "ROC": 0.5733333333333334,
        "TN": 58.0,
        "TP": 52.0,
        "accuracy": 0.7857142857142857,
        "precision": 0.7536231884057971,
        "sensitivity": 0.8,
        "specificity": 0.7733333333333333,
        "total": 1.5733333333333333
    },
    "all_stats": [
        {
            "F1": 0.7761194029850746,
            "FN": 13,
            "FNR": 0.19999999999999996,
            "FP": 17,
            "FPR": 0.22666666666666668,
            "MCC": 0.5719272408833086,
            "NPV": 0.8169014084507042,
            "ROC": 0.5733333333333334,
            "TN": 58,
            "TP": 52,
            "accuracy": 0.7857142857142857,
            "precision": 0.7536231884057971,
            "sensitivity": 0.8,
            "specificity": 0.7733333333333333,
            "total": 1.5733333333333333
        }
    ]
}