{
    "agg_stats": {
        "F1": 0.7555555555555555,
        "FN": 0.0,
        "FNR": 0.0,
        "FP": 11.0,
        "FPR": 1,
        "MCC": NaN,
        "NPV": 0,
        "ROC": 0.0,
        "TN": 0.0,
        "TP": 17.0,
        "accuracy": 0.6071428571428571,
        "precision": 0.6071428571428571,
        "sensitivity": 1.0,
        "specificity": 0,
        "total": 1.0
    },
    "all_stats": [
        {
            "F1": 0.7555555555555555,
            "FN": 0,
            "FNR": 0.0,
            "FP": 11,
            "FPR": 1,
            "MCC": NaN,
            "NPV": 0,
            "ROC": 0.0,
            "TN": 0,
            "TP": 17,
            "accuracy": 0.6071428571428571,
            "precision": 0.6071428571428571,
            "sensitivity": 1.0,
            "specificity": 0,
            "total": 1.0
        }
    ]
}