{
    "agg_stats": {
        "F1": 0.6,
        "FN": 0.0,
        "FNR": 0.0,
        "FP": 16.0,
        "FPR": 1,
        "MCC": NaN,
        "NPV": 0,
        "ROC": 0.0,
        "TN": 0.0,
        "TP": 12.0,
        "accuracy": 0.42857142857142855,
        "precision": 0.42857142857142855,
        "sensitivity": 1.0,
        "specificity": 0,
        "total": 1.0
    },
    "all_stats": [
        {
            "F1": 0.6,
            "FN": 0,
            "FNR": 0.0,
            "FP": 16,
            "FPR": 1,
            "MCC": NaN,
            "NPV": 0,
            "ROC": 0.0,
            "TN": 0,
            "TP": 12,
            "accuracy": 0.42857142857142855,
            "precision": 0.42857142857142855,
            "sensitivity": 1.0,
            "specificity": 0,
            "total": 1.0
        }
    ]
}