{
    "agg_stats": {
        "F1": 0.16666666666666666,
        "FN": 10.0,
        "FNR": 0.9090909090909091,
        "FP": 0.0,
        "FPR": 0.0,
        "MCC": 0.23924685418842448,
        "NPV": 0.6296296296296297,
        "ROC": 0.09090909090909091,
        "TN": 17.0,
        "TP": 1.0,
        "accuracy": 0.6428571428571429,
        "precision": 1.0,
        "sensitivity": 0.09090909090909091,
        "specificity": 1.0,
        "total": 1.0909090909090908
    },
    "all_stats": [
        {
            "F1": 0.16666666666666666,
            "FN": 10,
            "FNR": 0.9090909090909091,
            "FP": 0,
            "FPR": 0.0,
            "MCC": 0.23924685418842448,
            "NPV": 0.6296296296296297,
            "ROC": 0.09090909090909091,
            "TN": 17,
            "TP": 1,
            "accuracy": 0.6428571428571429,
            "precision": 1.0,
            "sensitivity": 0.09090909090909091,
            "specificity": 1.0,
            "total": 1.0909090909090908
        }
    ]
}