{
    "agg_stats": {
        "F1": 0.7272727272727273,
        "FN": 3.0,
        "FNR": 0.19999999999999996,
        "FP": 6.0,
        "FPR": 0.46153846153846156,
        "MCC": 0.3522819383711917,
        "NPV": 0.7,
        "ROC": 0.3384615384615385,
        "TN": 7.0,
        "TP": 12.0,
        "accuracy": 0.6785714285714286,
        "precision": 0.6666666666666666,
        "sensitivity": 0.8,
        "specificity": 0.5384615384615384,
        "total": 1.3384615384615386
    },
    "all_stats": [
        {
            "F1": 0.7272727272727273,
            "FN": 3,
            "FNR": 0.19999999999999996,
            "FP": 6,
            "FPR": 0.46153846153846156,
            "MCC": 0.3522819383711917,
            "NPV": 0.7,
            "ROC": 0.3384615384615385,
            "TN": 7,
            "TP": 12,
            "accuracy": 0.6785714285714286,
            "precision": 0.6666666666666666,
            "sensitivity": 0.8,
            "specificity": 0.5384615384615384,
            "total": 1.3384615384615386
        }
    ]
}