{
    "agg_stats": {
        "F1": 0.08421052631578947,
        "FN": 167.0,
        "FNR": 0.9542857142857143,
        "FP": 7.0,
        "FPR": 0.040462427745664775,
        "MCC": 0.012929665875876638,
        "NPV": 0.4984984984984985,
        "ROC": 0.005251857968620939,
        "TN": 166.0,
        "TP": 8.0,
        "accuracy": 0.5,
        "precision": 0.5333333333333333,
        "sensitivity": 0.045714285714285714,
        "specificity": 0.9595375722543352,
        "total": 1.005251857968621
    },
    "all_stats": [
        {
            "F1": 0.08421052631578947,
            "FN": 167,
            "FNR": 0.9542857142857143,
            "FP": 7,
            "FPR": 0.040462427745664775,
            "MCC": 0.012929665875876638,
            "NPV": 0.4984984984984985,
            "ROC": 0.005251857968620939,
            "TN": 166,
            "TP": 8,
            "accuracy": 0.5,
            "precision": 0.5333333333333333,
            "sensitivity": 0.045714285714285714,
            "specificity": 0.9595375722543352,
            "total": 1.005251857968621
        }
    ]
}