{
    "agg_stats": {
        "F1": 0.558303886925795,
        "FN": 96.0,
        "FNR": 0.5485714285714286,
        "FP": 29.0,
        "FPR": 0.16763005780346818,
        "MCC": 0.3067147726124251,
        "NPV": 0.6,
        "ROC": 0.2837985136251032,
        "TN": 144.0,
        "TP": 79.0,
        "accuracy": 0.6408045977011494,
        "precision": 0.7314814814814815,
        "sensitivity": 0.4514285714285714,
        "specificity": 0.8323699421965318,
        "total": 1.2837985136251033
    },
    "all_stats": [
        {
            "F1": 0.558303886925795,
            "FN": 96,
            "FNR": 0.5485714285714286,
            "FP": 29,
            "FPR": 0.16763005780346818,
            "MCC": 0.3067147726124251,
            "NPV": 0.6,
            "ROC": 0.2837985136251032,
            "TN": 144,
            "TP": 79,
            "accuracy": 0.6408045977011494,
            "precision": 0.7314814814814815,
            "sensitivity": 0.4514285714285714,
            "specificity": 0.8323699421965318,
            "total": 1.2837985136251033
        }
    ]
}