{
    "agg_stats": {
        "F1": 0.4732824427480916,
        "FN": 113.0,
        "FNR": 0.6457142857142857,
        "FP": 25.0,
        "FPR": 0.1445086705202312,
        "MCC": 0.2422256649847803,
        "NPV": 0.5670498084291188,
        "ROC": 0.20977704376548306,
        "TN": 148.0,
        "TP": 62.0,
        "accuracy": 0.603448275862069,
        "precision": 0.7126436781609196,
        "sensitivity": 0.35428571428571426,
        "specificity": 0.8554913294797688,
        "total": 1.2097770437654831
    },
    "all_stats": [
        {
            "F1": 0.4732824427480916,
            "FN": 113,
            "FNR": 0.6457142857142857,
            "FP": 25,
            "FPR": 0.1445086705202312,
            "MCC": 0.2422256649847803,
            "NPV": 0.5670498084291188,
            "ROC": 0.20977704376548306,
            "TN": 148,
            "TP": 62,
            "accuracy": 0.603448275862069,
            "precision": 0.7126436781609196,
            "sensitivity": 0.35428571428571426,
            "specificity": 0.8554913294797688,
            "total": 1.2097770437654831
        }
    ]
}