{
    "agg_stats": {
        "F1": 0.09424083769633508,
        "FN": 166.0,
        "FNR": 0.9485714285714286,
        "FP": 7.0,
        "FPR": 0.040462427745664775,
        "MCC": 0.026179839193197274,
        "NPV": 0.5,
        "ROC": 0.010966143682906652,
        "TN": 166.0,
        "TP": 9.0,
        "accuracy": 0.5028735632183908,
        "precision": 0.5625,
        "sensitivity": 0.05142857142857143,
        "specificity": 0.9595375722543352,
        "total": 1.0109661436829067
    },
    "all_stats": [
        {
            "F1": 0.09424083769633508,
            "FN": 166,
            "FNR": 0.9485714285714286,
            "FP": 7,
            "FPR": 0.040462427745664775,
            "MCC": 0.026179839193197274,
            "NPV": 0.5,
            "ROC": 0.010966143682906652,
            "TN": 166,
            "TP": 9,
            "accuracy": 0.5028735632183908,
            "precision": 0.5625,
            "sensitivity": 0.05142857142857143,
            "specificity": 0.9595375722543352,
            "total": 1.0109661436829067
        }
    ]
}