{
    "agg_stats": {
        "F1": 0.5168539325842697,
        "FN": 106.0,
        "FNR": 0.6057142857142856,
        "FP": 23.0,
        "FPR": 0.1329479768786127,
        "MCC": 0.2962990822803847,
        "NPV": 0.5859375,
        "ROC": 0.2613377374071016,
        "TN": 150.0,
        "TP": 69.0,
        "accuracy": 0.6293103448275862,
        "precision": 0.75,
        "sensitivity": 0.3942857142857143,
        "specificity": 0.8670520231213873,
        "total": 1.2613377374071015
    },
    "all_stats": [
        {
            "F1": 0.5168539325842697,
            "FN": 106,
            "FNR": 0.6057142857142856,
            "FP": 23,
            "FPR": 0.1329479768786127,
            "MCC": 0.2962990822803847,
            "NPV": 0.5859375,
            "ROC": 0.2613377374071016,
            "TN": 150,
            "TP": 69,
            "accuracy": 0.6293103448275862,
            "precision": 0.75,
            "sensitivity": 0.3942857142857143,
            "specificity": 0.8670520231213873,
            "total": 1.2613377374071015
        }
    ]
}