{
    "agg_stats": {
        "F1": 0.7256637168141593,
        "FN": 24.0,
        "FNR": 0.36923076923076925,
        "FP": 7.0,
        "FPR": 0.09333333333333338,
        "MCC": 0.5646761551221267,
        "NPV": 0.7391304347826086,
        "ROC": 0.5374358974358974,
        "TN": 68.0,
        "TP": 41.0,
        "accuracy": 0.7785714285714286,
        "precision": 0.8541666666666666,
        "sensitivity": 0.6307692307692307,
        "specificity": 0.9066666666666666,
        "total": 1.5374358974358975
    },
    "all_stats": [
        {
            "F1": 0.7256637168141593,
            "FN": 24,
            "FNR": 0.36923076923076925,
            "FP": 7,
            "FPR": 0.09333333333333338,
            "MCC": 0.5646761551221267,
            "NPV": 0.7391304347826086,
            "ROC": 0.5374358974358974,
            "TN": 68,
            "TP": 41,
            "accuracy": 0.7785714285714286,
            "precision": 0.8541666666666666,
            "sensitivity": 0.6307692307692307,
            "specificity": 0.9066666666666666,
            "total": 1.5374358974358975
        }
    ]
}