{
    "agg_stats": {
        "F1": 0,
        "FN": 9.0,
        "FNR": 1,
        "FP": 0.0,
        "FPR": 0.0,
        "MCC": NaN,
        "NPV": 0.5714285714285714,
        "ROC": 0.0,
        "TN": 12.0,
        "TP": 0.0,
        "accuracy": 0.5714285714285714,
        "precision": 0,
        "sensitivity": 0,
        "specificity": 1.0,
        "total": 1.0
    },
    "all_stats": [
        {
            "F1": 0,
            "FN": 9,
            "FNR": 1,
            "FP": 0,
            "FPR": 0.0,
            "MCC": NaN,
            "NPV": 0.5714285714285714,
            "ROC": 0.0,
            "TN": 12,
            "TP": 0,
            "accuracy": 0.5714285714285714,
            "precision": 0,
            "sensitivity": 0,
            "specificity": 1.0,
            "total": 1.0
        }
    ]
}