{
    "agg_stats": {
        "F1": 0.8108108108108109,
        "FN": 2.0,
        "FNR": 0.11764705882352944,
        "FP": 5.0,
        "FPR": 0.2777777777777778,
        "MCC": 0.6105909848356158,
        "NPV": 0.8666666666666667,
        "ROC": 0.6045751633986928,
        "TN": 13.0,
        "TP": 15.0,
        "accuracy": 0.8,
        "precision": 0.75,
        "sensitivity": 0.8823529411764706,
        "specificity": 0.7222222222222222,
        "total": 1.6045751633986929
    },
    "all_stats": [
        {
            "F1": 0.8108108108108109,
            "FN": 2,
            "FNR": 0.11764705882352944,
            "FP": 5,
            "FPR": 0.2777777777777778,
            "MCC": 0.6105909848356158,
            "NPV": 0.8666666666666667,
            "ROC": 0.6045751633986928,
            "TN": 13,
            "TP": 15,
            "accuracy": 0.8,
            "precision": 0.75,
            "sensitivity": 0.8823529411764706,
            "specificity": 0.7222222222222222,
            "total": 1.6045751633986929
        }
    ]
}