{
    "agg_stats": {
        "F1": 0.3609022556390977,
        "FN": 77.0,
        "FNR": 0.7623762376237624,
        "FP": 8.0,
        "FPR": 0.07339449541284404,
        "MCC": 0.22831765747727142,
        "NPV": 0.5674157303370787,
        "ROC": 0.16422926696339357,
        "TN": 101.0,
        "TP": 24.0,
        "accuracy": 0.5952380952380952,
        "precision": 0.75,
        "sensitivity": 0.2376237623762376,
        "specificity": 0.926605504587156,
        "total": 1.1642292669633936
    },
    "all_stats": [
        {
            "F1": 0.3609022556390977,
            "FN": 77,
            "FNR": 0.7623762376237624,
            "FP": 8,
            "FPR": 0.07339449541284404,
            "MCC": 0.22831765747727142,
            "NPV": 0.5674157303370787,
            "ROC": 0.16422926696339357,
            "TN": 101,
            "TP": 24,
            "accuracy": 0.5952380952380952,
            "precision": 0.75,
            "sensitivity": 0.2376237623762376,
            "specificity": 0.926605504587156,
            "total": 1.1642292669633936
        }
    ]
}