{
    "agg_stats": {
        "F1": 0.8085106382978723,
        "FN": 0.0,
        "FNR": 0.0,
        "FP": 9.0,
        "FPR": 1,
        "MCC": NaN,
        "NPV": 0,
        "ROC": 0.0,
        "TN": 0.0,
        "TP": 19.0,
        "accuracy": 0.6785714285714286,
        "precision": 0.6785714285714286,
        "sensitivity": 1.0,
        "specificity": 0,
        "total": 1.0
    },
    "all_stats": [
        {
            "F1": 0.8085106382978723,
            "FN": 0,
            "FNR": 0.0,
            "FP": 9,
            "FPR": 1,
            "MCC": NaN,
            "NPV": 0,
            "ROC": 0.0,
            "TN": 0,
            "TP": 19,
            "accuracy": 0.6785714285714286,
            "precision": 0.6785714285714286,
            "sensitivity": 1.0,
            "specificity": 0,
            "total": 1.0
        }
    ]
}