{
    "agg_stats": {
        "F1": 0.7692307692307693,
        "FN": 4.0,
        "FNR": 0.2857142857142857,
        "FP": 2.0,
        "FPR": 0.1428571428571429,
        "MCC": 0.5773502691896257,
        "NPV": 0.75,
        "ROC": 0.5714285714285714,
        "TN": 12.0,
        "TP": 10.0,
        "accuracy": 0.7857142857142857,
        "precision": 0.8333333333333334,
        "sensitivity": 0.7142857142857143,
        "specificity": 0.8571428571428571,
        "total": 1.5714285714285714
    },
    "all_stats": [
        {
            "F1": 0.7692307692307693,
            "FN": 4,
            "FNR": 0.2857142857142857,
            "FP": 2,
            "FPR": 0.1428571428571429,
            "MCC": 0.5773502691896257,
            "NPV": 0.75,
            "ROC": 0.5714285714285714,
            "TN": 12,
            "TP": 10,
            "accuracy": 0.7857142857142857,
            "precision": 0.8333333333333334,
            "sensitivity": 0.7142857142857143,
            "specificity": 0.8571428571428571,
            "total": 1.5714285714285714
        }
    ]
}