{
    "agg_stats": {
        "F1": 0.6829268292682927,
        "FN": 1.0,
        "FNR": 0.06666666666666665,
        "FP": 12.0,
        "FPR": 0.9230769230769231,
        "MCC": 0.019861453057473933,
        "NPV": 0.5,
        "ROC": 0.01025641025641022,
        "TN": 1.0,
        "TP": 14.0,
        "accuracy": 0.5357142857142857,
        "precision": 0.5384615384615384,
        "sensitivity": 0.9333333333333333,
        "specificity": 0.07692307692307693,
        "total": 1.0102564102564102
    },
    "all_stats": [
        {
            "F1": 0.6829268292682927,
            "FN": 1,
            "FNR": 0.06666666666666665,
            "FP": 12,
            "FPR": 0.9230769230769231,
            "MCC": 0.019861453057473933,
            "NPV": 0.5,
            "ROC": 0.01025641025641022,
            "TN": 1,
            "TP": 14,
            "accuracy": 0.5357142857142857,
            "precision": 0.5384615384615384,
            "sensitivity": 0.9333333333333333,
            "specificity": 0.07692307692307693,
            "total": 1.0102564102564102
        }
    ]
}