{
    "agg_stats": {
        "F1": 0.7924528301886793,
        "FN": 17.0,
        "FNR": 0.16831683168316836,
        "FP": 27.0,
        "FPR": 0.24770642201834858,
        "MCC": 0.5845079240927633,
        "NPV": 0.8282828282828283,
        "ROC": 0.5839767462984831,
        "TN": 82.0,
        "TP": 84.0,
        "accuracy": 0.7904761904761904,
        "precision": 0.7567567567567568,
        "sensitivity": 0.8316831683168316,
        "specificity": 0.7522935779816514,
        "total": 1.583976746298483
    },
    "all_stats": [
        {
            "F1": 0.7924528301886793,
            "FN": 17,
            "FNR": 0.16831683168316836,
            "FP": 27,
            "FPR": 0.24770642201834858,
            "MCC": 0.5845079240927633,
            "NPV": 0.8282828282828283,
            "ROC": 0.5839767462984831,
            "TN": 82,
            "TP": 84,
            "accuracy": 0.7904761904761904,
            "precision": 0.7567567567567568,
            "sensitivity": 0.8316831683168316,
            "specificity": 0.7522935779816514,
            "total": 1.583976746298483
        }
    ]
}