{
    "agg_stats": {
        "F1": 0.7906976744186046,
        "FN": 0.0,
        "FNR": 0.0,
        "FP": 9.0,
        "FPR": 0.5,
        "MCC": 0.5717718748968657,
        "NPV": 1.0,
        "ROC": 0.5,
        "TN": 9.0,
        "TP": 17.0,
        "accuracy": 0.7428571428571429,
        "precision": 0.6538461538461539,
        "sensitivity": 1.0,
        "specificity": 0.5,
        "total": 1.5
    },
    "all_stats": [
        {
            "F1": 0.7906976744186046,
            "FN": 0,
            "FNR": 0.0,
            "FP": 9,
            "FPR": 0.5,
            "MCC": 0.5717718748968657,
            "NPV": 1.0,
            "ROC": 0.5,
            "TN": 9,
            "TP": 17,
            "accuracy": 0.7428571428571429,
            "precision": 0.6538461538461539,
            "sensitivity": 1.0,
            "specificity": 0.5,
            "total": 1.5
        }
    ]
}