{
    "agg_stats": {
        "F1": 0.48333333333333334,
        "FN": 36.0,
        "FNR": 0.5538461538461539,
        "FP": 26.0,
        "FPR": 0.3466666666666667,
        "MCC": 0.1015929616191083,
        "NPV": 0.5764705882352941,
        "ROC": 0.0994871794871795,
        "TN": 49.0,
        "TP": 29.0,
        "accuracy": 0.5571428571428572,
        "precision": 0.5272727272727272,
        "sensitivity": 0.4461538461538462,
        "specificity": 0.6533333333333333,
        "total": 1.0994871794871794
    },
    "all_stats": [
        {
            "F1": 0.48333333333333334,
            "FN": 36,
            "FNR": 0.5538461538461539,
            "FP": 26,
            "FPR": 0.3466666666666667,
            "MCC": 0.1015929616191083,
            "NPV": 0.5764705882352941,
            "ROC": 0.0994871794871795,
            "TN": 49,
            "TP": 29,
            "accuracy": 0.5571428571428572,
            "precision": 0.5272727272727272,
            "sensitivity": 0.4461538461538462,
            "specificity": 0.6533333333333333,
            "total": 1.0994871794871794
        }
    ]
}