{
    "agg_stats": {
        "F1": 0.6341463414634146,
        "FN": 0.0,
        "FNR": 0.0,
        "FP": 75.0,
        "FPR": 1,
        "MCC": NaN,
        "NPV": 0,
        "ROC": 0.0,
        "TN": 0.0,
        "TP": 65.0,
        "accuracy": 0.4642857142857143,
        "precision": 0.4642857142857143,
        "sensitivity": 1.0,
        "specificity": 0,
        "total": 1.0
    },
    "all_stats": [
        {
            "F1": 0.6341463414634146,
            "FN": 0,
            "FNR": 0.0,
            "FP": 75,
            "FPR": 1,
            "MCC": NaN,
            "NPV": 0,
            "ROC": 0.0,
            "TN": 0,
            "TP": 65,
            "accuracy": 0.4642857142857143,
            "precision": 0.4642857142857143,
            "sensitivity": 1.0,
            "specificity": 0,
            "total": 1.0
        }
    ]
}