{
    "agg_stats": {
        "F1": 0.6666666666666666,
        "FN": 5.0,
        "FNR": 0.1470588235294118,
        "FP": 24.0,
        "FPR": 0.6666666666666667,
        "MCC": 0.21711095746809436,
        "NPV": 0.7058823529411765,
        "ROC": 0.18627450980392146,
        "TN": 12.0,
        "TP": 29.0,
        "accuracy": 0.5857142857142857,
        "precision": 0.5471698113207547,
        "sensitivity": 0.8529411764705882,
        "specificity": 0.3333333333333333,
        "total": 1.1862745098039216
    },
    "all_stats": [
        {
            "F1": 0.6666666666666666,
            "FN": 5,
            "FNR": 0.1470588235294118,
            "FP": 24,
            "FPR": 0.6666666666666667,
            "MCC": 0.21711095746809436,
            "NPV": 0.7058823529411765,
            "ROC": 0.18627450980392146,
            "TN": 12,
            "TP": 29,
            "accuracy": 0.5857142857142857,
            "precision": 0.5471698113207547,
            "sensitivity": 0.8529411764705882,
            "specificity": 0.3333333333333333,
            "total": 1.1862745098039216
        }
    ]
}