{
    "agg_stats": {
        "F1": 0.8,
        "FN": 0.0,
        "FNR": 0.0,
        "FP": 2.0,
        "FPR": 0.33333333333333337,
        "MCC": 0.6666666666666666,
        "NPV": 1.0,
        "ROC": 0.6666666666666666,
        "TN": 4.0,
        "TP": 4.0,
        "accuracy": 0.8,
        "precision": 0.6666666666666666,
        "sensitivity": 1.0,
        "specificity": 0.6666666666666666,
        "total": 1.6666666666666665
    },
    "all_stats": [
        {
            "F1": 0.8,
            "FN": 0,
            "FNR": 0.0,
            "FP": 2,
            "FPR": 0.33333333333333337,
            "MCC": 0.6666666666666666,
            "NPV": 1.0,
            "ROC": 0.6666666666666666,
            "TN": 4,
            "TP": 4,
            "accuracy": 0.8,
            "precision": 0.6666666666666666,
            "sensitivity": 1.0,
            "specificity": 0.6666666666666666,
            "total": 1.6666666666666665
        }
    ]
}