{
    "agg_stats": {
        "F1": 0.45161290322580644,
        "FN": 10.0,
        "FNR": 0.5882352941176471,
        "FP": 7.0,
        "FPR": 0.38888888888888884,
        "MCC": 0.02333800140046683,
        "NPV": 0.5238095238095238,
        "ROC": 0.022875816993464082,
        "TN": 11.0,
        "TP": 7.0,
        "accuracy": 0.5142857142857142,
        "precision": 0.5,
        "sensitivity": 0.4117647058823529,
        "specificity": 0.6111111111111112,
        "total": 1.022875816993464
    },
    "all_stats": [
        {
            "F1": 0.45161290322580644,
            "FN": 10,
            "FNR": 0.5882352941176471,
            "FP": 7,
            "FPR": 0.38888888888888884,
            "MCC": 0.02333800140046683,
            "NPV": 0.5238095238095238,
            "ROC": 0.022875816993464082,
            "TN": 11,
            "TP": 7,
            "accuracy": 0.5142857142857142,
            "precision": 0.5,
            "sensitivity": 0.4117647058823529,
            "specificity": 0.6111111111111112,
            "total": 1.022875816993464
        }
    ]
}