{
    "agg_stats": {
        "F1": 0.41509433962264153,
        "FN": 0.0,
        "FNR": 0.0,
        "FP": 155.0,
        "FPR": 1,
        "MCC": NaN,
        "NPV": 0,
        "ROC": 0.0,
        "TN": 0.0,
        "TP": 55.0,
        "accuracy": 0.2619047619047619,
        "precision": 0.2619047619047619,
        "sensitivity": 1.0,
        "specificity": 0,
        "total": 1.0
    },
    "all_stats": [
        {
            "F1": 0.41509433962264153,
            "FN": 0,
            "FNR": 0.0,
            "FP": 155,
            "FPR": 1,
            "MCC": NaN,
            "NPV": 0,
            "ROC": 0.0,
            "TN": 0,
            "TP": 55,
            "accuracy": 0.2619047619047619,
            "precision": 0.2619047619047619,
            "sensitivity": 1.0,
            "specificity": 0,
            "total": 1.0
        }
    ]
}