{
    "agg_stats": {
        "F1": 0.7407407407407407,
        "FN": 5.0,
        "FNR": 0.33333333333333337,
        "FP": 2.0,
        "FPR": 0.15384615384615385,
        "MCC": 0.516811394121702,
        "NPV": 0.6875,
        "ROC": 0.5128205128205128,
        "TN": 11.0,
        "TP": 10.0,
        "accuracy": 0.75,
        "precision": 0.8333333333333334,
        "sensitivity": 0.6666666666666666,
        "specificity": 0.8461538461538461,
        "total": 1.5128205128205128
    },
    "all_stats": [
        {
            "F1": 0.7407407407407407,
            "FN": 5,
            "FNR": 0.33333333333333337,
            "FP": 2,
            "FPR": 0.15384615384615385,
            "MCC": 0.516811394121702,
            "NPV": 0.6875,
            "ROC": 0.5128205128205128,
            "TN": 11,
            "TP": 10,
            "accuracy": 0.75,
            "precision": 0.8333333333333334,
            "sensitivity": 0.6666666666666666,
            "specificity": 0.8461538461538461,
            "total": 1.5128205128205128
        }
    ]
}