{
    "agg_stats": {
        "F1": 0.8461538461538461,
        "FN": 2.0,
        "FNR": 0.15384615384615385,
        "FP": 2.0,
        "FPR": 0.1333333333333333,
        "MCC": 0.7128205128205128,
        "NPV": 0.8666666666666667,
        "ROC": 0.7128205128205128,
        "TN": 13.0,
        "TP": 11.0,
        "accuracy": 0.8571428571428571,
        "precision": 0.8461538461538461,
        "sensitivity": 0.8461538461538461,
        "specificity": 0.8666666666666667,
        "total": 1.712820512820513
    },
    "all_stats": [
        {
            "F1": 0.8461538461538461,
            "FN": 2,
            "FNR": 0.15384615384615385,
            "FP": 2,
            "FPR": 0.1333333333333333,
            "MCC": 0.7128205128205128,
            "NPV": 0.8666666666666667,
            "ROC": 0.7128205128205128,
            "TN": 13,
            "TP": 11,
            "accuracy": 0.8571428571428571,
            "precision": 0.8461538461538461,
            "sensitivity": 0.8461538461538461,
            "specificity": 0.8666666666666667,
            "total": 1.712820512820513
        }
    ]
}