{
    "agg_stats": {
        "F1": 0.9230769230769231,
        "FN": 1.0,
        "FNR": 0.07692307692307687,
        "FP": 1.0,
        "FPR": 0.06666666666666665,
        "MCC": 0.8564102564102564,
        "NPV": 0.9333333333333333,
        "ROC": 0.8564102564102565,
        "TN": 14.0,
        "TP": 12.0,
        "accuracy": 0.9285714285714286,
        "precision": 0.9230769230769231,
        "sensitivity": 0.9230769230769231,
        "specificity": 0.9333333333333333,
        "total": 1.8564102564102565
    },
    "all_stats": [
        {
            "F1": 0.9230769230769231,
            "FN": 1,
            "FNR": 0.07692307692307687,
            "FP": 1,
            "FPR": 0.06666666666666665,
            "MCC": 0.8564102564102564,
            "NPV": 0.9333333333333333,
            "ROC": 0.8564102564102565,
            "TN": 14,
            "TP": 12,
            "accuracy": 0.9285714285714286,
            "precision": 0.9230769230769231,
            "sensitivity": 0.9230769230769231,
            "specificity": 0.9333333333333333,
            "total": 1.8564102564102565
        }
    ]
}