{
    "agg_stats": {
        "F1": 0.9285714285714286,
        "FN": 0.0,
        "FNR": 0.0,
        "FP": 2.0,
        "FPR": 0.1333333333333333,
        "MCC": 0.8666666666666667,
        "NPV": 1.0,
        "ROC": 0.8666666666666667,
        "TN": 13.0,
        "TP": 13.0,
        "accuracy": 0.9285714285714286,
        "precision": 0.8666666666666667,
        "sensitivity": 1.0,
        "specificity": 0.8666666666666667,
        "total": 1.8666666666666667
    },
    "all_stats": [
        {
            "F1": 0.9285714285714286,
            "FN": 0,
            "FNR": 0.0,
            "FP": 2,
            "FPR": 0.1333333333333333,
            "MCC": 0.8666666666666667,
            "NPV": 1.0,
            "ROC": 0.8666666666666667,
            "TN": 13,
            "TP": 13,
            "accuracy": 0.9285714285714286,
            "precision": 0.8666666666666667,
            "sensitivity": 1.0,
            "specificity": 0.8666666666666667,
            "total": 1.8666666666666667
        }
    ]
}