{
    "agg_stats": {
        "F1": 0.7,
        "FN": 6.0,
        "FNR": 0.46153846153846156,
        "FP": 0.0,
        "FPR": 0.0,
        "MCC": 0.6201736729460423,
        "NPV": 0.7142857142857143,
        "ROC": 0.5384615384615384,
        "TN": 15.0,
        "TP": 7.0,
        "accuracy": 0.7857142857142857,
        "precision": 1.0,
        "sensitivity": 0.5384615384615384,
        "specificity": 1.0,
        "total": 1.5384615384615383
    },
    "all_stats": [
        {
            "F1": 0.7,
            "FN": 6,
            "FNR": 0.46153846153846156,
            "FP": 0,
            "FPR": 0.0,
            "MCC": 0.6201736729460423,
            "NPV": 0.7142857142857143,
            "ROC": 0.5384615384615384,
            "TN": 15,
            "TP": 7,
            "accuracy": 0.7857142857142857,
            "precision": 1.0,
            "sensitivity": 0.5384615384615384,
            "specificity": 1.0,
            "total": 1.5384615384615383
        }
    ]
}