{
    "agg_stats": {
        "F1": 0.9444444444444444,
        "FN": 0.0,
        "FNR": 0.0,
        "FP": 2.0,
        "FPR": 0.11111111111111116,
        "MCC": 0.8918080720799183,
        "NPV": 1.0,
        "ROC": 0.8888888888888888,
        "TN": 16.0,
        "TP": 17.0,
        "accuracy": 0.9428571428571428,
        "precision": 0.8947368421052632,
        "sensitivity": 1.0,
        "specificity": 0.8888888888888888,
        "total": 1.8888888888888888
    },
    "all_stats": [
        {
            "F1": 0.9444444444444444,
            "FN": 0,
            "FNR": 0.0,
            "FP": 2,
            "FPR": 0.11111111111111116,
            "MCC": 0.8918080720799183,
            "NPV": 1.0,
            "ROC": 0.8888888888888888,
            "TN": 16,
            "TP": 17,
            "accuracy": 0.9428571428571428,
            "precision": 0.8947368421052632,
            "sensitivity": 1.0,
            "specificity": 0.8888888888888888,
            "total": 1.8888888888888888
        }
    ]
}