{
    "agg_stats": {
        "F1": 0.5844155844155844,
        "FN": 20.0,
        "FNR": 0.3076923076923077,
        "FP": 44.0,
        "FPR": 0.5866666666666667,
        "MCC": 0.10948127025226458,
        "NPV": 0.6078431372549019,
        "ROC": 0.10564102564102562,
        "TN": 31.0,
        "TP": 45.0,
        "accuracy": 0.5428571428571428,
        "precision": 0.5056179775280899,
        "sensitivity": 0.6923076923076923,
        "specificity": 0.41333333333333333,
        "total": 1.1056410256410256
    },
    "all_stats": [
        {
            "F1": 0.5844155844155844,
            "FN": 20,
            "FNR": 0.3076923076923077,
            "FP": 44,
            "FPR": 0.5866666666666667,
            "MCC": 0.10948127025226458,
            "NPV": 0.6078431372549019,
            "ROC": 0.10564102564102562,
            "TN": 31,
            "TP": 45,
            "accuracy": 0.5428571428571428,
            "precision": 0.5056179775280899,
            "sensitivity": 0.6923076923076923,
            "specificity": 0.41333333333333333,
            "total": 1.1056410256410256
        }
    ]
}