{
    "agg_stats": {
        "F1": 0.8235294117647058,
        "FN": 3.0,
        "FNR": 0.17647058823529416,
        "FP": 3.0,
        "FPR": 0.16666666666666663,
        "MCC": 0.6568627450980392,
        "NPV": 0.8333333333333334,
        "ROC": 0.6568627450980392,
        "TN": 15.0,
        "TP": 14.0,
        "accuracy": 0.8285714285714286,
        "precision": 0.8235294117647058,
        "sensitivity": 0.8235294117647058,
        "specificity": 0.8333333333333334,
        "total": 1.656862745098039
    },
    "all_stats": [
        {
            "F1": 0.8235294117647058,
            "FN": 3,
            "FNR": 0.17647058823529416,
            "FP": 3,
            "FPR": 0.16666666666666663,
            "MCC": 0.6568627450980392,
            "NPV": 0.8333333333333334,
            "ROC": 0.6568627450980392,
            "TN": 15,
            "TP": 14,
            "accuracy": 0.8285714285714286,
            "precision": 0.8235294117647058,
            "sensitivity": 0.8235294117647058,
            "specificity": 0.8333333333333334,
            "total": 1.656862745098039
        }
    ]
}