{
    "agg_stats": {
        "F1": 0.8,
        "FN": 3.0,
        "FNR": 0.17647058823529416,
        "FP": 4.0,
        "FPR": 0.2222222222222222,
        "MCC": 0.6013071895424836,
        "NPV": 0.8235294117647058,
        "ROC": 0.6013071895424836,
        "TN": 14.0,
        "TP": 14.0,
        "accuracy": 0.8,
        "precision": 0.7777777777777778,
        "sensitivity": 0.8235294117647058,
        "specificity": 0.7777777777777778,
        "total": 1.6013071895424837
    },
    "all_stats": [
        {
            "F1": 0.8,
            "FN": 3,
            "FNR": 0.17647058823529416,
            "FP": 4,
            "FPR": 0.2222222222222222,
            "MCC": 0.6013071895424836,
            "NPV": 0.8235294117647058,
            "ROC": 0.6013071895424836,
            "TN": 14,
            "TP": 14,
            "accuracy": 0.8,
            "precision": 0.7777777777777778,
            "sensitivity": 0.8235294117647058,
            "specificity": 0.7777777777777778,
            "total": 1.6013071895424837
        }
    ]
}