{
    "agg_stats": {
        "F1": 0.7741935483870968,
        "FN": 5.0,
        "FNR": 0.2941176470588235,
        "FP": 2.0,
        "FPR": 0.11111111111111116,
        "MCC": 0.6067880364121375,
        "NPV": 0.7619047619047619,
        "ROC": 0.5947712418300654,
        "TN": 16.0,
        "TP": 12.0,
        "accuracy": 0.8,
        "precision": 0.8571428571428571,
        "sensitivity": 0.7058823529411765,
        "specificity": 0.8888888888888888,
        "total": 1.5947712418300655
    },
    "all_stats": [
        {
            "F1": 0.7741935483870968,
            "FN": 5,
            "FNR": 0.2941176470588235,
            "FP": 2,
            "FPR": 0.11111111111111116,
            "MCC": 0.6067880364121375,
            "NPV": 0.7619047619047619,
            "ROC": 0.5947712418300654,
            "TN": 16,
            "TP": 12,
            "accuracy": 0.8,
            "precision": 0.8571428571428571,
            "sensitivity": 0.7058823529411765,
            "specificity": 0.8888888888888888,
            "total": 1.5947712418300655
        }
    ]
}