{
    "agg_stats": {
        "F1": 0.8823529411764706,
        "FN": 2.0,
        "FNR": 0.11764705882352944,
        "FP": 2.0,
        "FPR": 0.11111111111111116,
        "MCC": 0.7712418300653595,
        "NPV": 0.8888888888888888,
        "ROC": 0.7712418300653594,
        "TN": 16.0,
        "TP": 15.0,
        "accuracy": 0.8857142857142857,
        "precision": 0.8823529411764706,
        "sensitivity": 0.8823529411764706,
        "specificity": 0.8888888888888888,
        "total": 1.7712418300653594
    },
    "all_stats": [
        {
            "F1": 0.8823529411764706,
            "FN": 2,
            "FNR": 0.11764705882352944,
            "FP": 2,
            "FPR": 0.11111111111111116,
            "MCC": 0.7712418300653595,
            "NPV": 0.8888888888888888,
            "ROC": 0.7712418300653594,
            "TN": 16,
            "TP": 15,
            "accuracy": 0.8857142857142857,
            "precision": 0.8823529411764706,
            "sensitivity": 0.8823529411764706,
            "specificity": 0.8888888888888888,
            "total": 1.7712418300653594
        }
    ]
}