{
    "agg_stats": {
        "F1": 0.6692160611854685,
        "FN": 0.0,
        "FNR": 0.0,
        "FP": 173.0,
        "FPR": 1,
        "MCC": NaN,
        "NPV": 0,
        "ROC": 0.0,
        "TN": 0.0,
        "TP": 175.0,
        "accuracy": 0.5028735632183908,
        "precision": 0.5028735632183908,
        "sensitivity": 1.0,
        "specificity": 0,
        "total": 1.0
    },
    "all_stats": [
        {
            "F1": 0.6692160611854685,
            "FN": 0,
            "FNR": 0.0,
            "FP": 173,
            "FPR": 1,
            "MCC": NaN,
            "NPV": 0,
            "ROC": 0.0,
            "TN": 0,
            "TP": 175,
            "accuracy": 0.5028735632183908,
            "precision": 0.5028735632183908,
            "sensitivity": 1.0,
            "specificity": 0,
            "total": 1.0
        }
    ]
}