{
    "agg_stats": {
        "F1": 0.6577181208053692,
        "FN": 77.0,
        "FNR": 0.43999999999999995,
        "FP": 25.0,
        "FPR": 0.1445086705202312,
        "MCC": 0.4345704847085242,
        "NPV": 0.6577777777777778,
        "ROC": 0.41549132947976886,
        "TN": 148.0,
        "TP": 98.0,
        "accuracy": 0.7068965517241379,
        "precision": 0.7967479674796748,
        "sensitivity": 0.56,
        "specificity": 0.8554913294797688,
        "total": 1.4154913294797689
    },
    "all_stats": [
        {
            "F1": 0.6577181208053692,
            "FN": 77,
            "FNR": 0.43999999999999995,
            "FP": 25,
            "FPR": 0.1445086705202312,
            "MCC": 0.4345704847085242,
            "NPV": 0.6577777777777778,
            "ROC": 0.41549132947976886,
            "TN": 148,
            "TP": 98,
            "accuracy": 0.7068965517241379,
            "precision": 0.7967479674796748,
            "sensitivity": 0.56,
            "specificity": 0.8554913294797688,
            "total": 1.4154913294797689
        }
    ]
}