{
    "agg_stats": {
        "F1": 0.6263345195729537,
        "FN": 87.0,
        "FNR": 0.4971428571428571,
        "FP": 18.0,
        "FPR": 0.10404624277456642,
        "MCC": 0.4332598848838471,
        "NPV": 0.640495867768595,
        "ROC": 0.39881090008257647,
        "TN": 155.0,
        "TP": 88.0,
        "accuracy": 0.6982758620689655,
        "precision": 0.8301886792452831,
        "sensitivity": 0.5028571428571429,
        "specificity": 0.8959537572254336,
        "total": 1.3988109000825766
    },
    "all_stats": [
        {
            "F1": 0.6263345195729537,
            "FN": 87,
            "FNR": 0.4971428571428571,
            "FP": 18,
            "FPR": 0.10404624277456642,
            "MCC": 0.4332598848838471,
            "NPV": 0.640495867768595,
            "ROC": 0.39881090008257647,
            "TN": 155,
            "TP": 88,
            "accuracy": 0.6982758620689655,
            "precision": 0.8301886792452831,
            "sensitivity": 0.5028571428571429,
            "specificity": 0.8959537572254336,
            "total": 1.3988109000825766
        }
    ]
}