{
    "agg_stats": {
        "F1": 0.6447368421052632,
        "FN": 77.0,
        "FNR": 0.43999999999999995,
        "FP": 31.0,
        "FPR": 0.17919075144508667,
        "MCC": 0.39421455105650816,
        "NPV": 0.6484018264840182,
        "ROC": 0.3808092485549134,
        "TN": 142.0,
        "TP": 98.0,
        "accuracy": 0.6896551724137931,
        "precision": 0.7596899224806202,
        "sensitivity": 0.56,
        "specificity": 0.8208092485549133,
        "total": 1.3808092485549133
    },
    "all_stats": [
        {
            "F1": 0.6447368421052632,
            "FN": 77,
            "FNR": 0.43999999999999995,
            "FP": 31,
            "FPR": 0.17919075144508667,
            "MCC": 0.39421455105650816,
            "NPV": 0.6484018264840182,
            "ROC": 0.3808092485549134,
            "TN": 142,
            "TP": 98,
            "accuracy": 0.6896551724137931,
            "precision": 0.7596899224806202,
            "sensitivity": 0.56,
            "specificity": 0.8208092485549133,
            "total": 1.3808092485549133
        }
    ]
}